timestamp,cpu_requests_rabbitmq,mem_requests_rabbitmq,cpu_usage_rabbitmq,mem_usage_rabbitmq,cpu_requests_ts-admin-basic-info-service,mem_requests_ts-admin-basic-info-service,cpu_usage_ts-admin-basic-info-service,mem_usage_ts-admin-basic-info-service,cpu_requests_ts-admin-order-service,mem_requests_ts-admin-order-service,cpu_usage_ts-admin-order-service,mem_usage_ts-admin-order-service,cpu_requests_ts-admin-route-service,mem_requests_ts-admin-route-service,cpu_usage_ts-admin-route-service,mem_usage_ts-admin-route-service,cpu_requests_ts-admin-travel-service,mem_requests_ts-admin-travel-service,cpu_usage_ts-admin-travel-service,mem_usage_ts-admin-travel-service,cpu_requests_ts-admin-user-service,mem_requests_ts-admin-user-service,cpu_usage_ts-admin-user-service,mem_usage_ts-admin-user-service,cpu_requests_ts-assurance-service,mem_requests_ts-assurance-service,cpu_usage_ts-assurance-service,mem_usage_ts-assurance-service,cpu_requests_ts-auth-service,mem_requests_ts-auth-service,cpu_usage_ts-auth-service,mem_usage_ts-auth-service,cpu_requests_ts-avatar-service,mem_requests_ts-avatar-service,cpu_usage_ts-avatar-service,mem_usage_ts-avatar-service,cpu_requests_ts-basic-service,mem_requests_ts-basic-service,cpu_usage_ts-basic-service,mem_usage_ts-basic-service,cpu_requests_ts-cancel-service,mem_requests_ts-cancel-service,cpu_usage_ts-cancel-service,mem_usage_ts-cancel-service,cpu_requests_ts-config-service,mem_requests_ts-config-service,cpu_usage_ts-config-service,mem_usage_ts-config-service,cpu_requests_ts-consign-price-service,mem_requests_ts-consign-price-service,cpu_usage_ts-consign-price-service,mem_usage_ts-consign-price-service,cpu_requests_ts-consign-service,mem_requests_ts-consign-service,cpu_usage_ts-consign-service,mem_usage_ts-consign-service,cpu_requests_ts-contacts-service,mem_requests_ts-contacts-service,cpu_usage_ts-contacts-service,mem_usage_ts-contacts-service,cpu_requests_ts-delivery-service,mem_requests_ts-delivery-service,cpu_usage_ts-delivery-service,mem_usage_ts-delivery-service,cpu_requests_ts-execute-service,mem_requests_ts-execute-service,cpu_usage_ts-execute-service,mem_usage_ts-execute-service,cpu_requests_ts-food-delivery-service,mem_requests_ts-food-delivery-service,cpu_usage_ts-food-delivery-service,mem_usage_ts-food-delivery-service,cpu_requests_ts-food-service,mem_requests_ts-food-service,cpu_usage_ts-food-service,mem_usage_ts-food-service,cpu_requests_ts-gateway-service,mem_requests_ts-gateway-service,cpu_usage_ts-gateway-service,mem_usage_ts-gateway-service,cpu_requests_ts-inside-payment-service,mem_requests_ts-inside-payment-service,cpu_usage_ts-inside-payment-service,mem_usage_ts-inside-payment-service,cpu_requests_ts-news-service,mem_requests_ts-news-service,cpu_usage_ts-news-service,mem_usage_ts-news-service,cpu_requests_ts-notification-service,mem_requests_ts-notification-service,cpu_usage_ts-notification-service,mem_usage_ts-notification-service,cpu_requests_ts-order-other-service,mem_requests_ts-order-other-service,cpu_usage_ts-order-other-service,mem_usage_ts-order-other-service,cpu_requests_ts-order-service,mem_requests_ts-order-service,cpu_usage_ts-order-service,mem_usage_ts-order-service,cpu_requests_ts-payment-service,mem_requests_ts-payment-service,cpu_usage_ts-payment-service,mem_usage_ts-payment-service,cpu_requests_ts-preserve-other-service,mem_requests_ts-preserve-other-service,cpu_usage_ts-preserve-other-service,mem_usage_ts-preserve-other-service,cpu_requests_ts-preserve-service,mem_requests_ts-preserve-service,cpu_usage_ts-preserve-service,mem_usage_ts-preserve-service,cpu_requests_ts-price-service,mem_requests_ts-price-service,cpu_usage_ts-price-service,mem_usage_ts-price-service,cpu_requests_ts-rebook-service,mem_requests_ts-rebook-service,cpu_usage_ts-rebook-service,mem_usage_ts-rebook-service,cpu_requests_ts-route-plan-service,mem_requests_ts-route-plan-service,cpu_usage_ts-route-plan-service,mem_usage_ts-route-plan-service,cpu_requests_ts-route-service,mem_requests_ts-route-service,cpu_usage_ts-route-service,mem_usage_ts-route-service,cpu_requests_ts-seat-service,mem_requests_ts-seat-service,cpu_usage_ts-seat-service,mem_usage_ts-seat-service,cpu_requests_ts-security-service,mem_requests_ts-security-service,cpu_usage_ts-security-service,mem_usage_ts-security-service,cpu_requests_ts-station-food-service,mem_requests_ts-station-food-service,cpu_usage_ts-station-food-service,mem_usage_ts-station-food-service,cpu_requests_ts-station-service,mem_requests_ts-station-service,cpu_usage_ts-station-service,mem_usage_ts-station-service,cpu_requests_ts-ticket-office-service,mem_requests_ts-ticket-office-service,cpu_usage_ts-ticket-office-service,mem_usage_ts-ticket-office-service,cpu_requests_ts-train-food-service,mem_requests_ts-train-food-service,cpu_usage_ts-train-food-service,mem_usage_ts-train-food-service,cpu_requests_ts-train-service,mem_requests_ts-train-service,cpu_usage_ts-train-service,mem_usage_ts-train-service,cpu_requests_ts-travel-plan-service,mem_requests_ts-travel-plan-service,cpu_usage_ts-travel-plan-service,mem_usage_ts-travel-plan-service,cpu_requests_ts-travel-service,mem_requests_ts-travel-service,cpu_usage_ts-travel-service,mem_usage_ts-travel-service,cpu_requests_ts-travel2-service,mem_requests_ts-travel2-service,cpu_usage_ts-travel2-service,mem_usage_ts-travel2-service,cpu_requests_ts-ui-dashboard,mem_requests_ts-ui-dashboard,cpu_usage_ts-ui-dashboard,mem_usage_ts-ui-dashboard,cpu_requests_ts-user-service,mem_requests_ts-user-service,cpu_usage_ts-user-service,mem_usage_ts-user-service,cpu_requests_ts-verification-code-service,mem_requests_ts-verification-code-service,cpu_usage_ts-verification-code-service,mem_usage_ts-verification-code-service,cpu_requests_ts-voucher-service,mem_requests_ts-voucher-service,cpu_usage_ts-voucher-service,mem_usage_ts-voucher-service,cpu_requests_ts-wait-order-service,mem_requests_ts-wait-order-service,cpu_usage_ts-wait-order-service,mem_usage_ts-wait-order-service,ts-admin-order-service-cpu_ts-admin-order-service,ts-admin-order-service-latency_ts-admin-order-service,ts-admin-order-service-memory_ts-admin-order-service,ts-admin-order-service-workload_ts-admin-order-service,ts-admin-route-service-cpu_ts-admin-route-service,ts-admin-route-service-latency_ts-admin-route-service,ts-admin-route-service-memory_ts-admin-route-service,ts-admin-route-service-workload_ts-admin-route-service,ts-auth-service-cpu_ts-auth-service,ts-auth-service-latency_ts-auth-service,ts-auth-service-memory_ts-auth-service,ts-auth-service-workload_ts-auth-service,ts-notification-service-cpu_ts-notification-service,ts-notification-service-latency_ts-notification-service,ts-notification-service-memory_ts-notification-service,ts-notification-service-workload_ts-notification-service,ts-order-service-cpu_ts-order-service,ts-order-service-latency_ts-order-service,ts-order-service-memory_ts-order-service,ts-order-service-workload_ts-order-service,ts-payment-service-cpu_ts-payment-service,ts-payment-service-latency_ts-payment-service,ts-payment-service-memory_ts-payment-service,ts-payment-service-workload_ts-payment-service,ts-price-service-cpu_ts-price-service,ts-price-service-latency_ts-price-service,ts-price-service-memory_ts-price-service,ts-price-service-workload_ts-price-service,ts-route-service-cpu_ts-route-service,ts-route-service-latency_ts-route-service,ts-route-service-memory_ts-route-service,ts-route-service-workload_ts-route-service,ts-train-service-cpu_ts-train-service,ts-train-service-latency_ts-train-service,ts-train-service-memory_ts-train-service,ts-train-service-workload_ts-train-service,ts-travel-service-cpu_ts-travel-service,ts-travel-service-latency_ts-travel-service,ts-travel-service-memory_ts-travel-service,ts-travel-service-workload_ts-travel-service,ts-ui-dashboard-cpu_ts-ui-dashboard,ts-ui-dashboard-latency_ts-ui-dashboard,ts-ui-dashboard-memory_ts-ui-dashboard,ts-ui-dashboard-workload_ts-ui-dashboard,ts-user-service-cpu_ts-user-service,ts-user-service-latency_ts-user-service,ts-user-service-memory_ts-user-service,ts-user-service-workload_ts-user-service
2025-04-27 08:29:24,100m,200Mi,55m,244Mi,100m,300Mi,10m,471Mi,100m,300Mi,10m,465Mi,100m,300Mi,13m,521Mi,100m,300Mi,10m,480Mi,100m,300Mi,11m,523Mi,100m,300Mi,10m,550Mi,100m,300Mi,10m,525Mi,100m,300Mi,5m,179Mi,100m,300Mi,9m,510Mi,100m,300Mi,9m,466Mi,100m,300Mi,10m,600Mi,100m,300Mi,10m,558Mi,100m,300Mi,10m,557Mi,100m,300Mi,10m,545Mi,100m,300Mi,10m,538Mi,100m,300Mi,10m,480Mi,100m,300Mi,10m,534Mi,100m,300Mi,10m,578Mi,100m,300Mi,51m,901Mi,100m,300Mi,10m,561Mi,100m,300Mi,4m,45Mi,100m,300Mi,10m,552Mi,100m,300Mi,9m,522Mi,3000m,3000Mi,10m,566Mi,100m,300Mi,10m,601Mi,100m,300Mi,10m,458Mi,100m,300Mi,10m,516Mi,100m,300Mi,11m,579Mi,100m,300Mi,9m,479Mi,100m,300Mi,11m,513Mi,2400m,3000Mi,9m,802Mi,100m,300Mi,9m,478Mi,100m,300Mi,10m,567Mi,100m,300Mi,10m,570Mi,3000m,3000Mi,10m,604Mi,100m,300Mi,4m,84Mi,100m,300Mi,10m,588Mi,100m,300Mi,10m,603Mi,100m,300Mi,10m,478Mi,100m,300Mi,11m,587Mi,100m,300Mi,11m,569Mi,50m,100Mi,5m,47Mi,100m,300Mi,10m,581Mi,100m,300Mi,10m,456Mi,100m,300Mi,4m,59Mi,100m,300Mi,10m,551Mi,0.011960710799538575,N/A,488323072.0,N/A,0.0089886215258356,N/A,545746944.0,N/A,0.08147959955588917,N/A,554711040.0,N/A,0.008983452475508805,N/A,578626560.0,N/A,0.09412313090900962,23.16627868307283,596232192.0,0.0,0.007354782040711663,N/A,631076181.3333334,N/A,0.008739389024061371,N/A,607221077.3333333,N/A,1.7947296589612576,nan,240440320.0,0.0,0.008758620071685123,N/A,631989589.3333334,N/A,0.01308892131767138,N/A,615732224.0,N/A,0.012055296541255558,nan,47991466.666666664,0.0,0.011288093589744346,N/A,609219584.0,N/A
2025-04-27 08:31:16,100m,200Mi,53m,247Mi,100m,300Mi,10m,474Mi,100m,300Mi,9m,468Mi,100m,300Mi,13m,522Mi,100m,300Mi,9m,484Mi,100m,300Mi,10m,525Mi,100m,300Mi,11m,554Mi,100m,300Mi,80m,552Mi,100m,300Mi,5m,181Mi,100m,300Mi,10m,512Mi,100m,300Mi,10m,468Mi,100m,300Mi,11m,604Mi,100m,300Mi,10m,561Mi,100m,300Mi,10m,559Mi,100m,300Mi,10m,548Mi,100m,300Mi,10m,540Mi,100m,300Mi,10m,482Mi,100m,300Mi,11m,536Mi,100m,300Mi,10m,581Mi,100m,300Mi,194m,1099Mi,100m,300Mi,10m,564Mi,100m,300Mi,4m,47Mi,100m,300Mi,10m,555Mi,100m,300Mi,10m,525Mi,2400m,3000Mi,610m,1181Mi,100m,300Mi,10m,604Mi,100m,300Mi,10m,459Mi,100m,300Mi,9m,519Mi,100m,300Mi,10m,581Mi,100m,300Mi,10m,481Mi,100m,300Mi,12m,514Mi,2400m,3000Mi,718m,1198Mi,100m,300Mi,10m,479Mi,100m,300Mi,10m,569Mi,100m,300Mi,10m,571Mi,2400m,3000Mi,623m,1224Mi,100m,300Mi,5m,86Mi,100m,300Mi,10m,590Mi,100m,300Mi,10m,604Mi,100m,300Mi,10m,479Mi,100m,300Mi,14m,589Mi,100m,300Mi,10m,572Mi,50m,100Mi,16m,49Mi,100m,300Mi,11m,583Mi,100m,300Mi,11m,459Mi,100m,300Mi,4m,61Mi,100m,300Mi,10m,554Mi,0.012954814221901333,N/A,491332949.3333333,N/A,0.010539094852320813,N/A,548502186.6666667,N/A,0.010052843546322951,nan,579489792.0,0.0,0.009083199593712453,N/A,582010197.3333334,N/A,0.1274786134648268,25.57042421599457,614401365.3333334,1.3453256296296296,0.009657348901098725,N/A,634203136.0,N/A,0.006684196388543377,N/A,609817941.3333334,N/A,0.18056291469902525,97.45375669844107,626753536.0,0.9716774074074073,0.010132471728593724,N/A,633644373.3333334,N/A,0.009675319507513281,N/A,617517056.0,N/A,0.05156384104403035,1985.7142857142862,51878570.66666667,3.681481481481481,0.009964905433803583,N/A,610925226.6666667,N/A
2025-04-27 08:33:02,100m,200Mi,43m,247Mi,100m,300Mi,11m,476Mi,100m,300Mi,10m,470Mi,100m,300Mi,11m,528Mi,100m,300Mi,11m,485Mi,100m,300Mi,9m,527Mi,100m,300Mi,12m,555Mi,100m,300Mi,81m,552Mi,100m,300Mi,5m,186Mi,100m,300Mi,11m,515Mi,100m,300Mi,14m,474Mi,100m,300Mi,11m,608Mi,100m,300Mi,9m,561Mi,100m,300Mi,9m,559Mi,100m,300Mi,10m,551Mi,100m,300Mi,10m,541Mi,100m,300Mi,10m,484Mi,100m,300Mi,10m,540Mi,100m,300Mi,10m,582Mi,100m,300Mi,272m,1108Mi,100m,300Mi,9m,565Mi,100m,300Mi,4m,51Mi,100m,300Mi,10m,559Mi,100m,300Mi,10m,525Mi,2400m,3000Mi,681m,1210Mi,100m,300Mi,10m,605Mi,100m,300Mi,10m,461Mi,100m,300Mi,10m,520Mi,100m,300Mi,11m,586Mi,100m,300Mi,15m,484Mi,100m,300Mi,11m,516Mi,2400m,3000Mi,722m,1226Mi,100m,300Mi,11m,481Mi,100m,300Mi,10m,570Mi,100m,300Mi,10m,573Mi,2400m,3000Mi,661m,1249Mi,100m,300Mi,5m,86Mi,100m,300Mi,11m,592Mi,100m,300Mi,10m,606Mi,100m,300Mi,9m,481Mi,100m,300Mi,14m,591Mi,100m,300Mi,10m,573Mi,50m,100Mi,39m,50Mi,100m,300Mi,10m,584Mi,100m,300Mi,10m,459Mi,100m,300Mi,4m,61Mi,100m,300Mi,9m,555Mi,0.006261257485040556,N/A,492845738.6666666,N/A,0.006587300946266811,N/A,554207914.6666666,N/A,0.011801983966506148,nan,578941952.0,0.0,0.009687345454545776,N/A,585504085.3333334,N/A,0.23928796041781208,23.375494071146242,652686677.3333334,2.755555555555555,0.010558549494773778,N/A,634475520.0,N/A,0.00944392445261512,N/A,614440960.0,N/A,0.13275141141679364,47.865566037735846,660314794.6666667,1.472222222222222,0.012265911072363075,N/A,635289600.0,N/A,0.0074596774476071255,N/A,618969088.0,N/A,0.061595354328920784,39.4718309859155,51926357.333333336,5.481481481481481,0.007555164300570315,N/A,612870826.6666667,N/A
2025-04-27 08:34:50,100m,200Mi,47m,248Mi,100m,300Mi,10m,476Mi,100m,300Mi,11m,471Mi,100m,300Mi,11m,531Mi,100m,300Mi,10m,483Mi,100m,300Mi,9m,530Mi,100m,300Mi,14m,556Mi,100m,300Mi,35m,550Mi,100m,300Mi,5m,187Mi,100m,300Mi,11m,514Mi,100m,300Mi,13m,476Mi,100m,300Mi,11m,610Mi,100m,300Mi,11m,567Mi,100m,300Mi,15m,567Mi,100m,300Mi,11m,553Mi,100m,300Mi,11m,540Mi,100m,300Mi,10m,482Mi,100m,300Mi,10m,541Mi,100m,300Mi,10m,585Mi,100m,300Mi,231m,1114Mi,100m,300Mi,10m,568Mi,100m,300Mi,4m,51Mi,100m,300Mi,10m,556Mi,100m,300Mi,11m,524Mi,1920m,3000Mi,633m,1489Mi,100m,300Mi,10m,607Mi,100m,300Mi,11m,466Mi,100m,300Mi,10m,518Mi,100m,300Mi,11m,587Mi,100m,300Mi,14m,482Mi,100m,300Mi,10m,521Mi,2400m,3000Mi,660m,1598Mi,100m,300Mi,11m,485Mi,100m,300Mi,10m,568Mi,100m,300Mi,10m,579Mi,2400m,3000Mi,641m,1520Mi,100m,300Mi,4m,84Mi,100m,300Mi,10m,592Mi,100m,300Mi,11m,609Mi,100m,300Mi,9m,479Mi,100m,300Mi,10m,590Mi,100m,300Mi,9m,574Mi,50m,100Mi,53m,49Mi,100m,300Mi,10m,584Mi,100m,300Mi,9m,458Mi,100m,300Mi,4m,59Mi,100m,300Mi,9m,553Mi,0.004790977940102159,N/A,492894890.6666667,N/A,0.008599401811299296,N/A,556931072.0,N/A,0.007429174440861996,nan,576645802.6666666,0.0,0.01414180698668115,N/A,583208960.0,N/A,0.1195082986498831,23.126027397260273,663332864.0,2.5066666666666664,0.00904855772723287,N/A,634391210.6666666,N/A,0.009651126089101094,N/A,615952384.0,N/A,1.9195536628917815,48.174418604651166,327666688.0,1.5555555555555556,0.009595924447285456,N/A,635734016.0,N/A,0.005325100000000778,N/A,618739712.0,N/A,0.05953359164420491,41.53688524590166,50819072.0,5.207407407407407,0.008737296938300358,N/A,612600832.0,N/A
2025-04-27 08:36:37,100m,200Mi,47m,251Mi,100m,300Mi,10m,479Mi,100m,300Mi,11m,475Mi,100m,300Mi,10m,531Mi,100m,300Mi,10m,485Mi,100m,300Mi,11m,531Mi,100m,300Mi,13m,558Mi,100m,300Mi,11m,551Mi,100m,300Mi,5m,187Mi,100m,300Mi,10m,515Mi,100m,300Mi,13m,477Mi,100m,300Mi,11m,607Mi,100m,300Mi,11m,570Mi,100m,300Mi,15m,569Mi,100m,300Mi,11m,554Mi,100m,300Mi,11m,549Mi,100m,300Mi,9m,483Mi,100m,300Mi,11m,538Mi,100m,300Mi,11m,587Mi,100m,300Mi,202m,1117Mi,100m,300Mi,11m,571Mi,100m,300Mi,5m,50Mi,100m,300Mi,11m,556Mi,100m,300Mi,11m,531Mi,1920m,3000Mi,884m,1230Mi,100m,300Mi,11m,609Mi,100m,300Mi,10m,465Mi,100m,300Mi,10m,524Mi,100m,300Mi,11m,583Mi,100m,300Mi,14m,483Mi,100m,300Mi,10m,521Mi,1920m,3000Mi,855m,1236Mi,100m,300Mi,10m,486Mi,100m,300Mi,11m,572Mi,100m,300Mi,11m,580Mi,1920m,3000Mi,800m,602Mi,100m,300Mi,5m,89Mi,100m,300Mi,10m,592Mi,100m,300Mi,11m,611Mi,100m,300Mi,10m,481Mi,100m,300Mi,10m,591Mi,100m,300Mi,10m,574Mi,50m,100Mi,57m,49Mi,100m,300Mi,10m,584Mi,100m,300Mi,16m,460Mi,100m,300Mi,4m,62Mi,100m,300Mi,10m,554Mi,0.010734733882464754,N/A,498504704.0,N/A,0.008469434867335498,N/A,552834389.3333334,N/A,0.008793018328430852,nan,578333696.0,0.0,0.009647484420123609,N/A,582711978.6666667,N/A,0.3159480400900326,41.34046987495266,612519936.0,1.184646349206349,0.009905075610120431,N/A,637593600.0,N/A,0.008259735271524142,N/A,611897344.0,N/A,0.2583373798866564,85.64486570586308,617132032.0,0.9103454938271605,0.006602387185189271,N/A,640697685.3333334,N/A,0.008895005919706057,N/A,619327488.0,N/A,0.05053854496359088,66.22448979591843,51204096.0,5.303703703703703,0.00682323055970489,N/A,612950016.0,N/A
2025-04-27 08:38:25,100m,200Mi,53m,252Mi,100m,300Mi,9m,481Mi,100m,300Mi,10m,477Mi,100m,300Mi,9m,526Mi,100m,300Mi,13m,489Mi,100m,300Mi,10m,528Mi,100m,300Mi,10m,559Mi,100m,300Mi,10m,558Mi,100m,300Mi,4m,183Mi,100m,300Mi,9m,520Mi,100m,300Mi,9m,474Mi,100m,300Mi,10m,609Mi,100m,300Mi,10m,566Mi,100m,300Mi,12m,565Mi,100m,300Mi,10m,551Mi,100m,300Mi,10m,549Mi,100m,300Mi,9m,491Mi,100m,300Mi,10m,540Mi,100m,300Mi,11m,584Mi,100m,300Mi,190m,1116Mi,100m,300Mi,11m,568Mi,100m,300Mi,4m,48Mi,100m,300Mi,11m,558Mi,100m,300Mi,10m,532Mi,1920m,3000Mi,794m,1258Mi,100m,300Mi,10m,608Mi,100m,300Mi,9m,465Mi,100m,300Mi,9m,525Mi,100m,300Mi,10m,584Mi,100m,300Mi,9m,487Mi,100m,300Mi,9m,519Mi,1920m,3000Mi,784m,1271Mi,100m,300Mi,11m,485Mi,100m,300Mi,11m,577Mi,100m,300Mi,11m,577Mi,1920m,3000Mi,763m,647Mi,100m,300Mi,5m,91Mi,100m,300Mi,11m,598Mi,100m,300Mi,10m,610Mi,100m,300Mi,10m,482Mi,100m,300Mi,10m,592Mi,100m,300Mi,10m,574Mi,50m,100Mi,54m,49Mi,100m,300Mi,10m,585Mi,100m,300Mi,17m,461Mi,100m,300Mi,4m,63Mi,100m,300Mi,10m,555Mi,0.008569663925084119,N/A,500222634.6666667,N/A,0.008721540869484757,N/A,552607744.0,N/A,0.006887505785258907,nan,585386666.6666666,0.0,0.009253152204618286,N/A,584836437.3333334,N/A,0.16238266212614771,23.423228346456693,657687893.3333334,1.8952380952380952,0.008393263970825026,N/A,636770304.0,N/A,0.007243226313543533,N/A,612534272.0,N/A,0.1072929393706826,48.58407079646018,653477205.3333333,1.0703703703703704,0.008438427131696007,N/A,639842986.6666666,N/A,0.007471789865417339,N/A,620777472.0,N/A,0.04746486028396633,39.74832214765102,51654656.0,5.362962962962962,0.009960151494657187,N/A,613855232.0,N/A
2025-04-27 08:40:11,100m,200Mi,52m,245Mi,100m,300Mi,9m,482Mi,100m,300Mi,9m,472Mi,100m,300Mi,9m,524Mi,100m,300Mi,12m,488Mi,100m,300Mi,13m,526Mi,100m,300Mi,9m,553Mi,100m,300Mi,10m,559Mi,100m,300Mi,4m,179Mi,100m,300Mi,9m,521Mi,100m,300Mi,9m,470Mi,100m,300Mi,9m,603Mi,100m,300Mi,9m,562Mi,100m,300Mi,9m,562Mi,100m,300Mi,10m,546Mi,100m,300Mi,10m,542Mi,100m,300Mi,9m,492Mi,100m,300Mi,9m,539Mi,100m,300Mi,10m,581Mi,100m,300Mi,181m,1109Mi,100m,300Mi,10m,565Mi,100m,300Mi,4m,48Mi,100m,300Mi,10m,558Mi,100m,300Mi,10m,530Mi,1540m,3000Mi,576m,1548Mi,100m,300Mi,9m,604Mi,100m,300Mi,9m,460Mi,100m,300Mi,9m,524Mi,100m,300Mi,9m,582Mi,100m,300Mi,10m,487Mi,100m,300Mi,9m,516Mi,1540m,3000Mi,553m,1635Mi,100m,300Mi,12m,480Mi,100m,300Mi,10m,578Mi,100m,300Mi,9m,572Mi,1540m,3000Mi,511m,968Mi,100m,300Mi,4m,92Mi,100m,300Mi,10m,599Mi,100m,300Mi,9m,605Mi,100m,300Mi,10m,482Mi,100m,300Mi,10m,592Mi,100m,300Mi,11m,573Mi,50m,100Mi,56m,50Mi,100m,300Mi,11m,584Mi,100m,300Mi,17m,461Mi,100m,300Mi,4m,59Mi,100m,300Mi,10m,554Mi,0.007788453668517425,N/A,495251456.0,N/A,0.005807363394795123,N/A,549898922.6666667,N/A,0.008179005059021196,nan,586280960.0,0.0,0.01503499291282873,N/A,585471317.3333334,N/A,1.1979008314689805,23.23913043478261,343904256.0,1.8126984126984125,0.010128968422165381,N/A,633622528.0,N/A,0.008984907885699913,N/A,610202965.3333333,N/A,0.09103650320783983,47.809405940594054,655144277.3333333,1.0481481481481478,0.00792653740265681,N/A,633952938.6666667,N/A,0.016812730002649632,N/A,620669610.6666667,N/A,0.062061083580418286,38.51145038167938,52670464.0,5.5629629629629616,0.013566940884290913,N/A,611504128.0,N/A
2025-04-27 08:41:59,100m,200Mi,53m,247Mi,100m,300Mi,9m,480Mi,100m,300Mi,8m,471Mi,100m,300Mi,9m,527Mi,100m,300Mi,9m,485Mi,100m,300Mi,12m,530Mi,100m,300Mi,10m,557Mi,100m,300Mi,11m,558Mi,100m,300Mi,5m,181Mi,100m,300Mi,9m,517Mi,100m,300Mi,9m,472Mi,100m,300Mi,10m,607Mi,100m,300Mi,10m,563Mi,100m,300Mi,10m,557Mi,100m,300Mi,10m,549Mi,100m,300Mi,10m,544Mi,100m,300Mi,9m,490Mi,100m,300Mi,12m,541Mi,100m,300Mi,10m,584Mi,100m,300Mi,155m,1116Mi,100m,300Mi,10m,568Mi,100m,300Mi,4m,47Mi,100m,300Mi,10m,558Mi,100m,300Mi,10m,528Mi,1540m,3000Mi,750m,1229Mi,100m,300Mi,10m,607Mi,100m,300Mi,9m,464Mi,100m,300Mi,8m,523Mi,100m,300Mi,9m,585Mi,100m,300Mi,9m,485Mi,100m,300Mi,9m,519Mi,1540m,3000Mi,741m,1209Mi,100m,300Mi,12m,482Mi,100m,300Mi,10m,580Mi,100m,300Mi,11m,576Mi,1540m,3000Mi,723m,1173Mi,100m,300Mi,4m,89Mi,100m,300Mi,9m,595Mi,100m,300Mi,10m,608Mi,100m,300Mi,15m,484Mi,100m,300Mi,11m,592Mi,100m,300Mi,11m,580Mi,50m,100Mi,56m,54Mi,100m,300Mi,11m,588Mi,100m,300Mi,10m,465Mi,100m,300Mi,4m,65Mi,100m,300Mi,10m,562Mi,0.009103204306921887,N/A,493914794.6666667,N/A,0.007415766666667878,N/A,552585216.0,N/A,0.07782076701613351,35277.15098597076,584815957.3333334,0.33333333333333326,0.006673284106668586,N/A,585603072.0,N/A,0.27637629105257056,39.42424428671812,630302037.3333334,1.2023631986531986,0.005723941666667454,N/A,636610560.0,N/A,0.0033776000000007873,N/A,613216256.0,N/A,0.2607932768765705,77.40922702601547,623686997.3333333,1.0014502777777778,0.011706375235395687,N/A,637382656.0,N/A,0.008278044391121356,N/A,621060096.0,N/A,0.07764974942327593,394.56521739130386,57084586.666666664,6.799999999999999,0.008722443611236126,N/A,616057856.0,N/A
2025-04-27 08:43:44,100m,200Mi,44m,247Mi,100m,300Mi,9m,482Mi,100m,300Mi,9m,472Mi,100m,300Mi,9m,529Mi,100m,300Mi,9m,487Mi,100m,300Mi,9m,531Mi,100m,300Mi,10m,558Mi,100m,300Mi,31m,565Mi,100m,300Mi,5m,181Mi,100m,300Mi,10m,519Mi,100m,300Mi,10m,474Mi,100m,300Mi,10m,608Mi,100m,300Mi,10m,565Mi,100m,300Mi,11m,557Mi,100m,300Mi,13m,552Mi,100m,300Mi,10m,546Mi,100m,300Mi,12m,491Mi,100m,300Mi,13m,543Mi,100m,300Mi,10m,586Mi,100m,300Mi,174m,1129Mi,100m,300Mi,10m,569Mi,100m,300Mi,4m,47Mi,100m,300Mi,10m,559Mi,100m,300Mi,10m,529Mi,1540m,3000Mi,833m,1266Mi,100m,300Mi,10m,608Mi,100m,300Mi,10m,465Mi,100m,300Mi,10m,526Mi,100m,300Mi,10m,585Mi,100m,300Mi,10m,486Mi,100m,300Mi,9m,519Mi,1540m,3000Mi,803m,1320Mi,100m,300Mi,9m,484Mi,100m,300Mi,9m,575Mi,100m,300Mi,11m,576Mi,1540m,3000Mi,776m,1217Mi,100m,300Mi,4m,89Mi,100m,300Mi,10m,597Mi,100m,300Mi,10m,609Mi,100m,300Mi,14m,488Mi,100m,300Mi,10m,597Mi,100m,300Mi,10m,580Mi,50m,100Mi,79m,55Mi,100m,300Mi,10m,591Mi,100m,300Mi,8m,465Mi,100m,300Mi,5m,67Mi,100m,300Mi,10m,562Mi,0.007305121501990178,N/A,495744341.3333334,N/A,0.006273861183093916,N/A,554678954.6666666,N/A,0.037419886346262164,469.44444444444446,591645354.6666666,0.25531598677935274,0.01111819324211157,N/A,586285056.0,N/A,0.3314162769784174,23.13421550094518,662379178.6666667,3.248484848484848,0.008490910630013351,N/A,637746176.0,N/A,0.008480725274725355,N/A,613894144.0,N/A,0.3522751274536364,49.67116357504216,721446912.0,2.333333333333333,0.008824321538989901,N/A,639059285.3333333,N/A,0.008015608119632704,N/A,625698133.3333333,N/A,0.14847756867641806,45.594262295081975,57312256.0,15.496296296296297,0.011244919644043096,N/A,618893312.0,N/A
2025-04-27 08:45:31,100m,200Mi,49m,247Mi,100m,300Mi,9m,481Mi,100m,300Mi,9m,473Mi,100m,300Mi,10m,525Mi,100m,300Mi,9m,484Mi,100m,300Mi,9m,530Mi,100m,300Mi,8m,554Mi,100m,300Mi,52m,568Mi,100m,300Mi,4m,179Mi,100m,300Mi,13m,519Mi,100m,300Mi,9m,471Mi,100m,300Mi,8m,604Mi,100m,300Mi,9m,564Mi,100m,300Mi,10m,558Mi,100m,300Mi,12m,553Mi,100m,300Mi,10m,543Mi,100m,300Mi,12m,486Mi,100m,300Mi,9m,543Mi,100m,300Mi,12m,586Mi,100m,300Mi,241m,1126Mi,100m,300Mi,8m,566Mi,100m,300Mi,4m,45Mi,100m,300Mi,9m,556Mi,100m,300Mi,8m,527Mi,1540m,3000Mi,808m,1676Mi,100m,300Mi,8m,606Mi,100m,300Mi,10m,461Mi,100m,300Mi,10m,520Mi,100m,300Mi,10m,584Mi,100m,300Mi,10m,483Mi,100m,300Mi,10m,517Mi,1540m,3000Mi,758m,1753Mi,100m,300Mi,10m,485Mi,100m,300Mi,9m,573Mi,100m,300Mi,9m,574Mi,1540m,3000Mi,724m,1654Mi,100m,300Mi,4m,86Mi,100m,300Mi,11m,593Mi,100m,300Mi,10m,606Mi,100m,300Mi,9m,490Mi,100m,300Mi,9m,599Mi,100m,300Mi,9m,574Mi,50m,100Mi,117m,52Mi,100m,300Mi,9m,593Mi,100m,300Mi,9m,460Mi,100m,300Mi,4m,66Mi,100m,300Mi,9m,555Mi,0.008682977225269456,N/A,495259648.0,N/A,0.007754506157743636,N/A,550733141.3333333,N/A,0.03110481227289943,712.4999999999999,593259520.0,0.2444444444444444,0.010851297796359143,N/A,583116800.0,N/A,1.2360036228518345,61.962025316455765,421567488.0,5.096969696969697,0.008869668525184284,N/A,634928128.0,N/A,0.008375231790720816,N/A,613322752.0,N/A,0.16699244999999935,257.3275862068963,718660949.3333334,3.3416666666666663,0.009839393480564776,N/A,635371520.0,N/A,0.009207432788613587,N/A,627773440.0,N/A,0.20073209127289113,92.46305418719211,54797653.33333333,22.26666666666666,0.008962976855019593,N/A,621540352.0,N/A
2025-04-27 08:47:19,100m,200Mi,52m,248Mi,100m,300Mi,9m,482Mi,100m,300Mi,9m,473Mi,100m,300Mi,9m,529Mi,100m,300Mi,10m,487Mi,100m,300Mi,9m,530Mi,100m,300Mi,10m,559Mi,100m,300Mi,55m,567Mi,100m,300Mi,5m,181Mi,100m,300Mi,13m,519Mi,100m,300Mi,10m,475Mi,100m,300Mi,10m,607Mi,100m,300Mi,10m,566Mi,100m,300Mi,10m,559Mi,100m,300Mi,10m,552Mi,100m,300Mi,11m,547Mi,100m,300Mi,9m,489Mi,100m,300Mi,10m,543Mi,100m,300Mi,12m,587Mi,100m,300Mi,318m,1140Mi,100m,300Mi,9m,569Mi,100m,300Mi,4m,47Mi,100m,300Mi,10m,560Mi,100m,300Mi,10m,530Mi,1230m,3000Mi,997m,1210Mi,100m,300Mi,10m,609Mi,100m,300Mi,10m,464Mi,100m,300Mi,10m,524Mi,100m,300Mi,10m,587Mi,100m,300Mi,9m,486Mi,100m,300Mi,9m,519Mi,1230m,3000Mi,979m,1290Mi,100m,300Mi,9m,484Mi,100m,300Mi,10m,575Mi,100m,300Mi,10m,578Mi,1230m,3000Mi,1001m,1252Mi,100m,300Mi,4m,87Mi,100m,300Mi,9m,596Mi,100m,300Mi,10m,609Mi,100m,300Mi,9m,487Mi,100m,300Mi,10m,595Mi,100m,300Mi,10m,578Mi,50m,100Mi,171m,63Mi,100m,300Mi,10m,589Mi,100m,300Mi,8m,464Mi,100m,300Mi,4m,62Mi,100m,300Mi,10m,558Mi,0.0056100145224721966,N/A,495599616.0,N/A,0.005323734340175491,N/A,555006634.6666666,N/A,0.03547785776593228,699.9999999999999,595950592.0,0.25555555555555554,0.010457080735295984,N/A,587212117.3333334,N/A,0.4472512317787347,421.74694747393954,622937429.3333333,2.5244814550264554,0.009297367957968039,N/A,638701568.0,N/A,0.007022046929658688,N/A,615508650.6666666,N/A,0.5680102007311254,777.2207853086675,638069760.0,1.9196544444444443,0.008718468418359082,N/A,638929920.0,N/A,0.009208764711390071,N/A,624858112.0,N/A,0.09420627508287231,589.7887323943676,65628160.0,25.725925925925928,0.010241610221675102,N/A,618412714.6666666,N/A
